epoch,train_loss,val_loss,precision,recall,f1
1,5.07055972483423,2.51273285680347,0.3823706796566922,0.3840176293203433,0.37755906816449614
2,2.2376227340764467,1.7331254641215006,0.4761308281141266,0.4781489213639527,0.4745807814701343
3,1.5144990106423697,2.02964549197091,0.4669798190675017,0.46526327998144285,0.464756823629475
4,1.1093490605552991,1.426458356115553,0.47001855717930874,0.4689515193690559,0.46814792722934684
5,0.8985451125591579,1.9297145716018147,0.47947112038970074,0.47899559266991415,0.47797163402591375
