epoch,train_loss,val_loss,precision,recall,f1
1,5.723688450455666,2.7992524279488458,0.43584020943102364,0.4444212479703085,0.43262729692792323
2,2.715655235532257,1.9920780777931213,0.4210971932266296,0.41090234284388777,0.41164573461024395
3,1.8953823456333743,1.9019892864757113,0.48304337740663417,0.4891092553931802,0.48367711311343875
4,1.521495015381111,1.3228734883997175,0.4660635583391325,0.4642078404082579,0.4633608678493855
5,1.3049996625218125,1.9403756101926168,0.4578520064950128,0.45665738807701234,0.4562097262514799
